var,u,i,val,id
R,,,3,
C,,,3,
U,,,527,
v,0,0,644.0,ALAMANCE:1
v,0,1,826.0,
v,0,2,1738.0,
v,1,0,670.0,ALAMANCE:2
v,1,1,777.0,
v,1,2,1770.0,
v,2,0,1187.0,ALAMANCE:35
v,2,1,1085.0,
v,2,2,2054.0,
v,3,0,545.0,ALAMANCE:03C
v,3,1,527.0,
v,3,2,1250.0,
v,4,0,883.0,ALAMANCE:03N
v,4,1,771.0,
v,4,2,1716.0,
v,5,0,112.0,ALAMANCE:03N2
v,5,1,148.0,
v,5,2,371.0,
v,6,0,1431.0,ALAMANCE:03S
v,6,1,1473.0,
v,6,2,2663.0,
v,7,0,586.0,ALAMANCE:03W
v,7,1,664.0,
v,7,2,1365.0,
v,8,0,793.0,ALAMANCE:4
v,8,1,873.0,
v,8,2,1984.0,
v,9,0,479.0,ALAMANCE:5
v,9,1,551.0,
v,9,2,1380.0,
v,10,0,770.0,ALAMANCE:63
v,10,1,870.0,
v,10,2,829.0,
v,11,0,906.0,ALAMANCE:64
v,11,1,1012.0,
v,11,2,1955.0,
v,12,0,549.0,ALAMANCE:06E
v,12,1,648.0,
v,12,2,916.0,
v,13,0,694.0,ALAMANCE:06N
v,13,1,814.0,
v,13,2,759.0,
v,14,0,640.0,ALAMANCE:06S
v,14,1,831.0,
v,14,2,1279.0,
v,15,0,268.0,ALAMANCE:06W
v,15,1,297.0,
v,15,2,437.0,
v,16,0,572.0,ALAMANCE:7
v,16,1,669.0,
v,16,2,1656.0,
v,17,0,658.0,ALAMANCE:08N
v,17,1,641.0,
v,17,2,1319.0,
v,18,0,311.0,ALAMANCE:08S
v,18,1,294.0,
v,18,2,780.0,
v,19,0,471.0,ALAMANCE:09N
v,19,1,539.0,
v,19,2,918.0,
v,20,0,1055.0,ALAMANCE:09S
v,20,1,1034.0,
v,20,2,2098.0,
v,21,0,617.0,ALAMANCE:103
v,21,1,649.0,
v,21,2,1486.0,
v,22,0,792.0,ALAMANCE:10N
v,22,1,904.0,
v,22,2,1666.0,
v,23,0,1835.0,ALAMANCE:10S
v,23,1,1944.0,
v,23,2,3022.0,
v,24,0,814.0,ALAMANCE:11
v,24,1,1156.0,
v,24,2,1210.0,
v,25,0,481.0,ALAMANCE:1210
v,25,1,563.0,
v,25,2,776.0,
v,26,0,434.0,ALAMANCE:124
v,26,1,487.0,
v,26,2,843.0,
v,27,0,492.0,ALAMANCE:125
v,27,1,494.0,
v,27,2,1026.0,
v,28,0,347.0,ALAMANCE:126
v,28,1,406.0,
v,28,2,1006.0,
v,29,0,1244.0,ALAMANCE:127
v,29,1,1634.0,
v,29,2,1132.0,
v,30,0,613.0,ALAMANCE:128
v,30,1,709.0,
v,30,2,641.0,
v,31,0,388.0,ALAMANCE:129
v,31,1,327.0,
v,31,2,841.0,
v,32,0,524.0,ALAMANCE:12E
v,32,1,544.0,
v,32,2,557.0,
v,33,0,1105.0,ALAMANCE:12N
v,33,1,1625.0,
v,33,2,785.0,
v,34,0,463.0,ALAMANCE:12S
v,34,1,441.0,
v,34,2,380.0,
v,35,0,460.0,ALAMANCE:12W
v,35,1,523.0,
v,35,2,974.0,
v,36,0,890.0,ALAMANCE:13
v,36,1,1056.0,
v,36,2,1240.0,
v,37,0,564.0,ALEXANDER:B1
v,37,1,645.0,
v,37,2,1573.0,
v,38,0,620.0,ALEXANDER:B2
v,38,1,727.0,
v,38,2,1879.0,
v,39,0,409.0,ALEXANDER:E
v,39,1,555.0,
v,39,2,1363.0,
v,40,0,674.0,ALEXANDER:G1G2
v,40,1,699.0,
v,40,2,1788.0,
v,41,0,714.0,ALEXANDER:LRSL
v,41,1,834.0,
v,41,2,2241.0,
v,42,0,339.0,ALEXANDER:M
v,42,1,390.0,
v,42,2,948.0,
v,43,0,1062.0,ALEXANDER:S1S2
v,43,1,1210.0,
v,43,2,3221.0,
v,44,0,2344.0,ALEXANDER:T1T4T5
v,44,1,2749.0,
v,44,2,6442.0,
v,45,0,1221.0,ALEXANDER:T2T3
v,45,1,1364.0,
v,45,2,2936.0,
v,46,0,326.0,ALEXANDER:W
v,46,1,338.0,
v,46,2,947.0,
v,47,0,245.0,ALLEGHANY:1
v,47,1,289.0,
v,47,2,631.0,
v,48,0,696.0,ALLEGHANY:03A
v,48,1,740.0,
v,48,2,2028.0,
v,49,0,260.0,ALLEGHANY:4
v,49,1,279.0,
v,49,2,817.0,
v,50,0,321.0,ALLEGHANY:06A
v,50,1,320.0,
v,50,2,849.0,
v,51,0,630.0,BURKE:1
v,51,1,713.0,
v,51,2,1800.0,
v,52,0,235.0,BURKE:3
v,52,1,254.0,
v,52,2,667.0,
v,53,0,659.0,BURKE:11
v,53,1,575.0,
v,53,2,1585.0,
v,54,0,330.0,BURKE:12
v,54,1,418.0,
v,54,2,1086.0,
v,55,0,602.0,BURKE:13
v,55,1,619.0,
v,55,2,1539.0,
v,56,0,403.0,BURKE:14
v,56,1,412.0,
v,56,2,1202.0,
v,57,0,299.0,BURKE:15
v,57,1,318.0,
v,57,2,840.0,
v,58,0,85.0,BURKE:18
v,58,1,96.0,
v,58,2,297.0,
v,59,0,92.0,BURKE:19
v,59,1,148.0,
v,59,2,341.0,
v,60,0,177.0,BURKE:20
v,60,1,249.0,
v,60,2,461.0,
v,61,0,318.0,BURKE:21
v,61,1,305.0,
v,61,2,844.0,
v,62,0,356.0,BURKE:22
v,62,1,331.0,
v,62,2,1164.0,
v,63,0,546.0,BURKE:24
v,63,1,549.0,
v,63,2,1425.0,
v,64,0,288.0,BURKE:0029-A
v,64,1,266.0,
v,64,2,692.0,
v,65,0,229.0,BURKE:0029-B
v,65,1,245.0,
v,65,2,653.0,
v,66,0,518.0,BURKE:31
v,66,1,602.0,
v,66,2,874.0,
v,67,0,470.0,BURKE:34
v,67,1,454.0,
v,67,2,1054.0,
v,68,0,391.0,BURKE:35
v,68,1,356.0,
v,68,2,760.0,
v,69,0,423.0,BURKE:36
v,69,1,388.0,
v,69,2,1150.0,
v,70,0,482.0,BURKE:38
v,70,1,498.0,
v,70,2,1188.0,
v,71,0,466.0,BURKE:39
v,71,1,441.0,
v,71,2,816.0,
v,72,0,405.0,BURKE:40
v,72,1,444.0,
v,72,2,943.0,
v,73,0,492.0,BURKE:0047-A
v,73,1,553.0,
v,73,2,968.0,
v,74,0,315.0,BURKE:0047-B
v,74,1,349.0,
v,74,2,667.0,
v,75,0,456.0,BURKE:48
v,75,1,468.0,
v,75,2,1173.0,
v,76,0,824.0,BURKE:51
v,76,1,857.0,
v,76,2,1809.0,
v,77,0,382.0,BURKE:52
v,77,1,323.0,
v,77,2,751.0,
v,78,0,516.0,BURKE:53
v,78,1,476.0,
v,78,2,1367.0,
v,79,0,145.0,BURKE:62
v,79,1,217.0,
v,79,2,485.0,
v,80,0,161.0,BURKE:64
v,80,1,179.0,
v,80,2,460.0,
v,81,0,217.0,BURKE:65
v,81,1,233.0,
v,81,2,694.0,
v,82,0,457.0,BURKE:66
v,82,1,572.0,
v,82,2,1113.0,
v,83,0,493.0,BURKE:70
v,83,1,538.0,
v,83,2,1456.0,
v,84,0,396.0,CHEROKEE:ANNW
v,84,1,419.0,
v,84,2,1120.0,
v,85,0,374.0,CHEROKEE:ANSW
v,85,1,431.0,
v,85,2,1100.0,
v,86,0,243.0,CHEROKEE:BELL
v,86,1,276.0,
v,86,2,795.0,
v,87,0,169.0,CHEROKEE:BRAS
v,87,1,206.0,
v,87,2,532.0,
v,88,0,194.0,CHEROKEE:CSON
v,88,1,245.0,
v,88,2,538.0,
v,89,0,107.0,CHEROKEE:GCRK
v,89,1,91.0,
v,89,2,284.0,
v,90,0,170.0,CHEROKEE:HANG
v,90,1,164.0,
v,90,2,530.0,
v,91,0,430.0,CHEROKEE:HIWA
v,91,1,501.0,
v,91,2,1342.0,
v,92,0,330.0,CHEROKEE:HOTH
v,92,1,344.0,
v,92,2,860.0,
v,93,0,277.0,CHEROKEE:MARB
v,93,1,318.0,
v,93,2,994.0,
v,94,0,464.0,CHEROKEE:MURN
v,94,1,577.0,
v,94,2,1291.0,
v,95,0,575.0,CHEROKEE:MURS
v,95,1,537.0,
v,95,2,1375.0,
v,96,0,460.0,CHEROKEE:PCHT
v,96,1,588.0,
v,96,2,1333.0,
v,97,0,341.0,CHEROKEE:RGER
v,97,1,419.0,
v,97,2,1056.0,
v,98,0,108.0,CHEROKEE:TOPT
v,98,1,89.0,
v,98,2,289.0,
v,99,0,117.0,CHEROKEE:UNKA
v,99,1,123.0,
v,99,2,392.0,
v,100,0,135.0,CLAY:BRAS
v,100,1,195.0,
v,100,2,544.0,
v,101,0,272.0,CLAY:HAY1
v,101,1,269.0,
v,101,2,723.0,
v,102,0,314.0,CLAY:HAY2
v,102,1,329.0,
v,102,2,831.0,
v,103,0,90.0,CLAY:HAYC
v,103,1,128.0,
v,103,2,287.0,
v,104,0,276.0,CLAY:HIAW
v,104,1,330.0,
v,104,2,808.0,
v,105,0,282.0,CLAY:SHCR
v,105,1,253.0,
v,105,2,775.0,
v,106,0,164.0,CLAY:SWEE
v,106,1,156.0,
v,106,2,430.0,
v,107,0,120.0,CLAY:TUSQ
v,107,1,158.0,
v,107,2,410.0,
v,108,0,145.0,CLAY:WARN
v,108,1,168.0,
v,108,2,463.0,
v,109,0,336.0,CLEVELAND:BETHWR
v,109,1,429.0,
v,109,2,928.0,
v,110,0,995.0,CLEVELAND:BR
v,110,1,1170.0,
v,110,2,2386.0,
v,111,0,247.0,CLEVELAND:CASAR
v,111,1,269.0,
v,111,2,728.0,
v,112,0,330.0,CLEVELAND:FALSTN
v,112,1,304.0,
v,112,2,906.0,
v,113,0,701.0,CLEVELAND:GROVER
v,113,1,834.0,
v,113,2,1509.0,
v,114,0,235.0,CLEVELAND:KINGST
v,114,1,416.0,
v,114,2,293.0,
v,115,0,1040.0,CLEVELAND:KM N
v,115,1,1423.0,
v,115,2,2183.0,
v,116,0,955.0,CLEVELAND:KM S
v,116,1,1267.0,
v,116,2,1924.0,
v,117,0,607.0,CLEVELAND:LATT
v,117,1,574.0,
v,117,2,1520.0,
v,118,0,347.0,CLEVELAND:LAWNDL
v,118,1,611.0,
v,118,2,756.0,
v,119,0,293.0,CLEVELAND:MRB-YO
v,119,1,381.0,
v,119,2,792.0,
v,120,0,318.0,CLEVELAND:MULLS
v,120,1,415.0,
v,120,2,1142.0,
v,121,0,664.0,CLEVELAND:OAKGRV
v,121,1,730.0,
v,121,2,1763.0,
v,122,0,417.0,CLEVELAND:POLKVL
v,122,1,519.0,
v,122,2,1240.0,
v,123,0,789.0,CLEVELAND:RIPPY
v,123,1,1063.0,
v,123,2,1767.0,
v,124,0,1133.0,CLEVELAND:S 4A
v,124,1,1684.0,
v,124,2,1810.0,
v,125,0,558.0,CLEVELAND:S 5
v,125,1,831.0,
v,125,2,995.0,
v,126,0,1769.0,CLEVELAND:S C
v,126,1,2224.0,
v,126,2,2881.0,
v,127,0,1360.0,CLEVELAND:S S
v,127,1,2004.0,
v,127,2,2436.0,
v,128,0,618.0,CLEVELAND:SHANGI
v,128,1,787.0,
v,128,2,1211.0,
v,129,0,727.0,CLEVELAND:WACO
v,129,1,912.0,
v,129,2,1432.0,
v,130,0,3119.0,CRAVEN:2
v,130,1,2873.0,
v,130,2,4457.0,
v,131,0,657.0,CRAVEN:3
v,131,1,800.0,
v,131,2,2142.0,
v,132,0,265.0,CRAVEN:4
v,132,1,361.0,
v,132,2,501.0,
v,133,0,486.0,CRAVEN:5
v,133,1,705.0,
v,133,2,1438.0,
v,134,0,370.0,CRAVEN:6
v,134,1,553.0,
v,134,2,510.0,
v,135,0,584.0,CRAVEN:7
v,135,1,881.0,
v,135,2,1101.0,
v,136,0,224.0,CRAVEN:8
v,136,1,358.0,
v,136,2,419.0,
v,137,0,124.0,CRAVEN:9
v,137,1,246.0,
v,137,2,187.0,
v,138,0,214.0,CRAVEN:10
v,138,1,298.0,
v,138,2,411.0,
v,139,0,674.0,CRAVEN:11
v,139,1,654.0,
v,139,2,1697.0,
v,140,0,108.0,CRAVEN:12
v,140,1,129.0,
v,140,2,286.0,
v,141,0,164.0,CRAVEN:13
v,141,1,213.0,
v,141,2,385.0,
v,142,0,856.0,CRAVEN:14
v,142,1,1173.0,
v,142,2,1530.0,
v,143,0,218.0,CRAVEN:15
v,143,1,267.0,
v,143,2,391.0,
v,144,0,948.0,CRAVEN:16
v,144,1,1011.0,
v,144,2,2218.0,
v,145,0,496.0,CRAVEN:17
v,145,1,588.0,
v,145,2,1252.0,
v,146,0,818.0,CRAVEN:19
v,146,1,1110.0,
v,146,2,1257.0,
v,147,0,632.0,CRAVEN:20
v,147,1,717.0,
v,147,2,1761.0,
v,148,0,536.0,CRAVEN:21
v,148,1,706.0,
v,148,2,1358.0,
v,149,0,1136.0,CRAVEN:23
v,149,1,1396.0,
v,149,2,2407.0,
v,150,0,590.0,CRAVEN:N1
v,150,1,933.0,
v,150,2,1057.0,
v,151,0,808.0,CRAVEN:N2
v,151,1,1145.0,
v,151,2,724.0,
v,152,0,494.0,CRAVEN:N3
v,152,1,683.0,
v,152,2,946.0,
v,153,0,1267.0,CRAVEN:N4
v,153,1,1512.0,
v,153,2,1746.0,
v,154,0,612.0,CRAVEN:N5
v,154,1,896.0,
v,154,2,658.0,
v,155,0,1083.0,CRAVEN:N6
v,155,1,1345.0,
v,155,2,2230.0,
v,156,0,661.0,FRANKLIN:1
v,156,1,880.0,
v,156,2,746.0,
v,157,0,384.0,FRANKLIN:2
v,157,1,595.0,
v,157,2,511.0,
v,158,0,820.0,FRANKLIN:3
v,158,1,1078.0,
v,158,2,1553.0,
v,159,0,576.0,FRANKLIN:5
v,159,1,679.0,
v,159,2,1082.0,
v,160,0,427.0,FRANKLIN:6
v,160,1,608.0,
v,160,2,661.0,
v,161,0,430.0,FRANKLIN:7
v,161,1,417.0,
v,161,2,891.0,
v,162,0,683.0,FRANKLIN:8
v,162,1,883.0,
v,162,2,1324.0,
v,163,0,327.0,FRANKLIN:9
v,163,1,502.0,
v,163,2,733.0,
v,164,0,238.0,FRANKLIN:10
v,164,1,325.0,
v,164,2,488.0,
v,165,0,418.0,FRANKLIN:11
v,165,1,727.0,
v,165,2,625.0,
v,166,0,335.0,FRANKLIN:12
v,166,1,476.0,
v,166,2,518.0,
v,167,0,440.0,FRANKLIN:13
v,167,1,514.0,
v,167,2,963.0,
v,168,0,954.0,FRANKLIN:14
v,168,1,1157.0,
v,168,2,2045.0,
v,169,0,750.0,FRANKLIN:15
v,169,1,1219.0,
v,169,2,939.0,
v,170,0,518.0,FRANKLIN:16
v,170,1,829.0,
v,170,2,678.0,
v,171,0,764.0,FRANKLIN:17
v,171,1,923.0,
v,171,2,1840.0,
v,172,0,627.0,FRANKLIN:18
v,172,1,731.0,
v,172,2,1402.0,
v,173,0,1189.0,FRANKLIN:19
v,173,1,1365.0,
v,173,2,2165.0,
v,174,0,544.0,GRAHAM:EAST
v,174,1,552.0,
v,174,2,1455.0,
v,175,0,189.0,GRAHAM:STEC
v,175,1,238.0,
v,175,2,686.0,
v,176,0,107.0,GRAHAM:TAPO
v,176,1,117.0,
v,176,2,273.0,
v,177,0,665.0,GRAHAM:WEST
v,177,1,461.0,
v,177,2,1159.0,
v,178,0,309.0,GRANVILLE:ANTI
v,178,1,462.0,
v,178,2,352.0,
v,179,0,378.0,GRANVILLE:BERE
v,179,1,493.0,
v,179,2,708.0,
v,180,0,753.0,GRANVILLE:BTNR
v,180,1,1118.0,
v,180,2,1145.0,
v,181,0,511.0,GRANVILLE:CORI
v,181,1,735.0,
v,181,2,931.0,
v,182,0,490.0,GRANVILLE:CRDL
v,182,1,817.0,
v,182,2,640.0,
v,183,0,1314.0,GRANVILLE:CRDM
v,183,1,1435.0,
v,183,2,1912.0,
v,184,0,513.0,GRANVILLE:EAOX
v,184,1,938.0,
v,184,2,675.0,
v,185,0,1020.0,GRANVILLE:MTEN
v,185,1,1254.0,
v,185,2,1971.0,
v,186,0,299.0,GRANVILLE:OKHL
v,186,1,449.0,
v,186,2,515.0,
v,187,0,480.0,GRANVILLE:SALM
v,187,1,641.0,
v,187,2,689.0,
v,188,0,408.0,GRANVILLE:SASS
v,188,1,632.0,
v,188,2,841.0,
v,189,0,444.0,GRANVILLE:SOOX
v,189,1,764.0,
v,189,2,389.0,
v,190,0,889.0,GRANVILLE:TYHO
v,190,1,939.0,
v,190,2,2146.0,
v,191,0,1152.0,GRANVILLE:WILT
v,191,1,1186.0,
v,191,2,2859.0,
v,192,0,464.0,GRANVILLE:WOEL
v,192,1,605.0,
v,192,2,448.0,
v,193,0,241.0,HOKE:1
v,193,1,83.0,
v,193,2,70.0,
v,194,0,1271.0,HOKE:2
v,194,1,482.0,
v,194,2,435.0,
v,195,0,434.0,HOKE:3
v,195,1,341.0,
v,195,2,257.0,
v,196,0,268.0,HOKE:4
v,196,1,346.0,
v,196,2,454.0,
v,197,0,510.0,HOKE:5
v,197,1,527.0,
v,197,2,625.0,
v,198,0,1375.0,HOKE:06B
v,198,1,1400.0,
v,198,2,1566.0,
v,199,0,1214.0,HOKE:12
v,199,1,1179.0,
v,199,2,1695.0,
v,200,0,433.0,HOKE:13
v,200,1,374.0,
v,200,2,573.0,
v,201,0,1592.0,HOKE:14
v,201,1,1627.0,
v,201,2,1429.0,
v,202,0,774.0,HOKE:15
v,202,1,790.0,
v,202,2,840.0,
v,203,0,466.0,HOKE:61
v,203,1,674.0,
v,203,2,512.0,
v,204,0,275.0,HOKE:62
v,204,1,345.0,
v,204,2,363.0,
v,205,0,1137.0,HOKE:63
v,205,1,1480.0,
v,205,2,1065.0,
v,206,0,583.0,HOKE:64
v,206,1,721.0,
v,206,2,724.0,
v,207,0,263.0,HOKE:65
v,207,1,482.0,
v,207,2,98.0,
v,208,0,1048.0,IREDELL:BA
v,208,1,1181.0,
v,208,2,2329.0,
v,209,0,1021.0,IREDELL:BE
v,209,1,1205.0,
v,209,2,2788.0,
v,210,0,1386.0,IREDELL:CC1
v,210,1,1502.0,
v,210,2,3346.0,
v,211,0,1451.0,IREDELL:CC2
v,211,1,1760.0,
v,211,2,3048.0,
v,212,0,1673.0,IREDELL:CC3
v,212,1,1959.0,
v,212,2,4425.0,
v,213,0,1476.0,IREDELL:CC4
v,213,1,1479.0,
v,213,2,3682.0,
v,214,0,1065.0,IREDELL:CD
v,214,1,1206.0,
v,214,2,2338.0,
v,215,0,557.0,IREDELL:CH-A
v,215,1,704.0,
v,215,2,1241.0,
v,216,0,632.0,IREDELL:CH-B
v,216,1,745.0,
v,216,2,1497.0,
v,217,0,583.0,IREDELL:CS
v,217,1,707.0,
v,217,2,1284.0,
v,218,0,1742.0,IREDELL:DV1-A
v,218,1,1844.0,
v,218,2,4049.0,
v,219,0,1843.0,IREDELL:DV1-B
v,219,1,1893.0,
v,219,2,5440.0,
v,220,0,939.0,IREDELL:DV2-A
v,220,1,830.0,
v,220,2,2433.0,
v,221,0,971.0,IREDELL:DV2-B
v,221,1,1072.0,
v,221,2,2628.0,
v,222,0,252.0,IREDELL:EM
v,222,1,298.0,
v,222,2,621.0,
v,223,0,1457.0,IREDELL:FT
v,223,1,1607.0,
v,223,2,3995.0,
v,224,0,223.0,IREDELL:NH
v,224,1,265.0,
v,224,2,703.0,
v,225,0,251.0,IREDELL:OL
v,225,1,288.0,
v,225,2,714.0,
v,226,0,347.0,IREDELL:SB
v,226,1,416.0,
v,226,2,1044.0,
v,227,0,695.0,IREDELL:SH-A
v,227,1,727.0,
v,227,2,1575.0,
v,228,0,618.0,IREDELL:SH-B
v,228,1,751.0,
v,228,2,1754.0,
v,229,0,1037.0,IREDELL:ST1
v,229,1,1025.0,
v,229,2,1880.0,
v,230,0,735.0,IREDELL:ST2
v,230,1,890.0,
v,230,2,1459.0,
v,231,0,940.0,IREDELL:ST3
v,231,1,1302.0,
v,231,2,1209.0,
v,232,0,725.0,IREDELL:ST4
v,232,1,960.0,
v,232,2,1343.0,
v,233,0,792.0,IREDELL:ST5
v,233,1,1058.0,
v,233,2,1342.0,
v,234,0,1032.0,IREDELL:ST6
v,234,1,1383.0,
v,234,2,1260.0,
v,235,0,527.0,IREDELL:TB
v,235,1,663.0,
v,235,2,1193.0,
v,236,0,313.0,IREDELL:UG
v,236,1,305.0,
v,236,2,757.0,
v,237,0,461.0,MADISON:BEECH
v,237,1,556.0,
v,237,2,1468.0,
v,238,0,216.0,MADISON:EBBS C
v,238,1,262.0,
v,238,2,611.0,
v,239,0,238.0,MADISON:GRAPEV
v,239,1,250.0,
v,239,2,705.0,
v,240,0,140.0,MADISON:HOT SP
v,240,1,193.0,
v,240,2,550.0,
v,241,0,179.0,MADISON:LAUREL
v,241,1,242.0,
v,241,2,639.0,
v,242,0,843.0,MADISON:MARS H
v,242,1,830.0,
v,242,2,2192.0,
v,243,0,476.0,MADISON:NORTH
v,243,1,514.0,
v,243,2,1425.0,
v,244,0,55.0,MADISON:REVERE
v,244,1,54.0,
v,244,2,202.0,
v,245,0,102.0,MADISON:SANDY
v,245,1,102.0,
v,245,2,303.0,
v,246,0,189.0,MADISON:SOUTH
v,246,1,198.0,
v,246,2,670.0,
v,247,0,161.0,MADISON:SPRING
v,247,1,146.0,
v,247,2,476.0,
v,248,0,254.0,MADISON:WALNUT
v,248,1,306.0,
v,248,2,761.0,
v,249,0,473.0,MCDOWELL:CCREEK
v,249,1,598.0,
v,249,2,1486.0,
v,250,0,458.0,MCDOWELL:DYSART
v,250,1,476.0,
v,250,2,1281.0,
v,251,0,244.0,MCDOWELL:FORT 1
v,251,1,367.0,
v,251,2,745.0,
v,252,0,240.0,MCDOWELL:FORT 2
v,252,1,272.0,
v,252,2,648.0,
v,253,0,368.0,MCDOWELL:GLENWD
v,253,1,363.0,
v,253,2,986.0,
v,254,0,207.0,MCDOWELL:HIGGIN
v,254,1,288.0,
v,254,2,774.0,
v,255,0,354.0,MCDOWELL:M.COVE
v,255,1,367.0,
v,255,2,996.0,
v,256,0,546.0,MCDOWELL:1-Mar
v,256,1,643.0,
v,256,2,1574.0,
v,257,0,355.0,MCDOWELL:2-Mar
v,257,1,484.0,
v,257,2,771.0,
v,258,0,195.0,MCDOWELL:3-Mar
v,258,1,204.0,
v,258,2,507.0,
v,259,0,201.0,MCDOWELL:4-Mar
v,259,1,266.0,
v,259,2,606.0,
v,260,0,143.0,MCDOWELL:5-Mar
v,260,1,219.0,
v,260,2,562.0,
v,261,0,157.0,MCDOWELL:N.COVE
v,261,1,179.0,
v,261,2,459.0,
v,262,0,484.0,MCDOWELL:NEBO
v,262,1,601.0,
v,262,2,1765.0,
v,263,0,458.0,MCDOWELL:PLEASA
v,263,1,486.0,
v,263,2,1329.0,
v,264,0,174.0,MCDOWELL:T.COVE
v,264,1,175.0,
v,264,2,451.0,
v,265,0,711.0,MCDOWELL:WEST M
v,265,1,881.0,
v,265,2,1930.0,
v,266,0,258.0,MITCHELL:1
v,266,1,262.0,
v,266,2,806.0,
v,267,0,55.0,MITCHELL:2
v,267,1,61.0,
v,267,2,203.0,
v,268,0,92.0,MITCHELL:3
v,268,1,139.0,
v,268,2,347.0,
v,269,0,1142.0,MITCHELL:4
v,269,1,1424.0,
v,269,2,3349.0,
v,270,0,150.0,MITCHELL:5
v,270,1,166.0,
v,270,2,488.0,
v,271,0,116.0,MITCHELL:6
v,271,1,162.0,
v,271,2,315.0,
v,272,0,40.0,MITCHELL:7
v,272,1,42.0,
v,272,2,148.0,
v,273,0,48.0,MITCHELL:8
v,273,1,56.0,
v,273,2,179.0,
v,274,0,305.0,MITCHELL:9
v,274,1,284.0,
v,274,2,745.0,
v,275,0,386.0,MONTGOMERY:BIS
v,275,1,434.0,
v,275,2,624.0,
v,276,0,445.0,MONTGOMERY:CAN
v,276,1,418.0,
v,276,2,689.0,
v,277,0,147.0,MONTGOMERY:CHE
v,277,1,187.0,
v,277,2,368.0,
v,278,0,236.0,MONTGOMERY:ELD
v,278,1,302.0,
v,278,2,833.0,
v,279,0,109.0,MONTGOMERY:LIT
v,279,1,134.0,
v,279,2,302.0,
v,280,0,451.0,MONTGOMERY:MTG
v,280,1,811.0,
v,280,2,566.0,
v,281,0,63.0,MONTGOMERY:OPH
v,281,1,78.0,
v,281,2,194.0,
v,282,0,224.0,MONTGOMERY:PEE
v,282,1,238.0,
v,282,2,545.0,
v,283,0,217.0,MONTGOMERY:ROC
v,283,1,317.0,
v,283,2,223.0,
v,284,0,330.0,MONTGOMERY:STA
v,284,1,325.0,
v,284,2,861.0,
v,285,0,493.0,MONTGOMERY:T1
v,285,1,648.0,
v,285,2,906.0,
v,286,0,264.0,MONTGOMERY:T2
v,286,1,369.0,
v,286,2,723.0,
v,287,0,279.0,MONTGOMERY:UWH
v,287,1,308.0,
v,287,2,748.0,
v,288,0,178.0,MONTGOMERY:WAD
v,288,1,149.0,
v,288,2,186.0,
v,289,0,486.0,PERSON:ALVI
v,289,1,686.0,
v,289,2,925.0,
v,290,0,369.0,PERSON:CUCL
v,290,1,560.0,
v,290,2,902.0,
v,291,0,1062.0,PERSON:FLRI
v,291,1,1343.0,
v,291,2,2546.0,
v,292,0,242.0,PERSON:HLWY
v,292,1,334.0,
v,292,2,490.0,
v,293,0,516.0,PERSON:MTTZ
v,293,1,574.0,
v,293,2,1346.0,
v,294,0,339.0,PERSON:OLHI
v,294,1,484.0,
v,294,2,792.0,
v,295,0,1045.0,PERSON:PNTH
v,295,1,1486.0,
v,295,2,1654.0,
v,296,0,994.0,PERSON:RCTL
v,296,1,1477.0,
v,296,2,1702.0,
v,297,0,429.0,PERSON:ROX4
v,297,1,607.0,
v,297,2,635.0,
v,298,0,440.0,PERSON:SWST
v,298,1,531.0,
v,298,2,900.0,
v,299,0,258.0,PERSON:WDSD
v,299,1,385.0,
v,299,2,454.0,
v,300,0,1202.0,RANDOLPH:AE
v,300,1,1240.0,
v,300,2,2083.0,
v,301,0,983.0,RANDOLPH:AN
v,301,1,892.0,
v,301,2,1878.0,
v,302,0,1926.0,RANDOLPH:AR
v,302,1,1977.0,
v,302,2,4285.0,
v,303,0,970.0,RANDOLPH:AS
v,303,1,1001.0,
v,303,2,2022.0,
v,304,0,1409.0,RANDOLPH:AW
v,304,1,1429.0,
v,304,2,2931.0,
v,305,0,629.0,RANDOLPH:BC
v,305,1,786.0,
v,305,2,1618.0,
v,306,0,907.0,RANDOLPH:DR
v,306,1,942.0,
v,306,2,2587.0,
v,307,0,773.0,RANDOLPH:GR
v,307,1,888.0,
v,307,2,2090.0,
v,308,0,651.0,RANDOLPH:LB
v,308,1,806.0,
v,308,2,1320.0,
v,309,0,523.0,RANDOLPH:LC
v,309,1,556.0,
v,309,2,1320.0,
v,310,0,869.0,RANDOLPH:NM
v,310,1,943.0,
v,310,2,2645.0,
v,311,0,1126.0,RANDOLPH:PR
v,311,1,1161.0,
v,311,2,3246.0,
v,312,0,680.0,RANDOLPH:RM
v,312,1,729.0,
v,312,2,1439.0,
v,313,0,1271.0,RANDOLPH:RN
v,313,1,1271.0,
v,313,2,2899.0,
v,314,0,404.0,RANDOLPH:SE
v,314,1,440.0,
v,314,2,1104.0,
v,315,0,701.0,RANDOLPH:SO
v,315,1,943.0,
v,315,2,1912.0,
v,316,0,413.0,RANDOLPH:ST
v,316,1,484.0,
v,316,2,1123.0,
v,317,0,502.0,RANDOLPH:SW
v,317,1,592.0,
v,317,2,1539.0,
v,318,0,516.0,RANDOLPH:TB
v,318,1,572.0,
v,318,2,1825.0,
v,319,0,1763.0,RANDOLPH:TR
v,319,1,1883.0,
v,319,2,4466.0,
v,320,0,823.0,RANDOLPH:TT
v,320,1,917.0,
v,320,2,2328.0,
v,321,0,1446.0,RANDOLPH:UG
v,321,1,1703.0,
v,321,2,4004.0,
v,322,0,473.0,ROCKINGHAM:DR
v,322,1,716.0,
v,322,2,1019.0,
v,323,0,962.0,ROCKINGHAM:EC
v,323,1,1175.0,
v,323,2,1865.0,
v,324,0,859.0,ROCKINGHAM:ED-1
v,324,1,1131.0,
v,324,2,2165.0,
v,325,0,417.0,ROCKINGHAM:HO
v,325,1,456.0,
v,325,2,947.0,
v,326,0,890.0,ROCKINGHAM:HU
v,326,1,940.0,
v,326,2,2147.0,
v,327,0,486.0,ROCKINGHAM:IR
v,327,1,565.0,
v,327,2,1369.0,
v,328,0,766.0,ROCKINGHAM:LI
v,328,1,1038.0,
v,328,2,1991.0,
v,329,0,729.0,ROCKINGHAM:LK-2
v,329,1,998.0,
v,329,2,1646.0,
v,330,0,834.0,ROCKINGHAM:MA
v,330,1,1080.0,
v,330,2,1954.0,
v,331,0,1041.0,ROCKINGHAM:MC
v,331,1,1420.0,
v,331,2,1990.0,
v,332,0,2020.0,ROCKINGHAM:MS
v,332,1,2973.0,
v,332,2,3018.0,
v,333,0,670.0,ROCKINGHAM:NB
v,333,1,804.0,
v,333,2,1891.0,
v,334,0,1071.0,ROCKINGHAM:RC
v,334,1,1277.0,
v,334,2,2516.0,
v,335,0,951.0,ROCKINGHAM:SE
v,335,1,1341.0,
v,335,2,1740.0,
v,336,0,1572.0,ROCKINGHAM:WS
v,336,1,1752.0,
v,336,2,3122.0,
v,337,0,390.0,ROWAN:1
v,337,1,345.0,
v,337,2,1088.0,
v,338,0,337.0,ROWAN:2
v,338,1,466.0,
v,338,2,576.0,
v,339,0,520.0,ROWAN:3
v,339,1,508.0,
v,339,2,1304.0,
v,340,0,771.0,ROWAN:4
v,340,1,835.0,
v,340,2,2293.0,
v,341,0,866.0,ROWAN:05A
v,341,1,1053.0,
v,341,2,2122.0,
v,342,0,409.0,ROWAN:7
v,342,1,588.0,
v,342,2,915.0,
v,343,0,757.0,ROWAN:8
v,343,1,780.0,
v,343,2,1721.0,
v,344,0,428.0,ROWAN:9
v,344,1,525.0,
v,344,2,1093.0,
v,345,0,520.0,ROWAN:10
v,345,1,660.0,
v,345,2,1461.0,
v,346,0,618.0,ROWAN:11
v,346,1,708.0,
v,346,2,1601.0,
v,347,0,465.0,ROWAN:12
v,347,1,583.0,
v,347,2,878.0,
v,348,0,376.0,ROWAN:13
v,348,1,456.0,
v,348,2,1209.0,
v,349,0,814.0,ROWAN:14A
v,349,1,1024.0,
v,349,2,2369.0,
v,350,0,703.0,ROWAN:15
v,350,1,793.0,
v,350,2,1709.0,
v,351,0,469.0,ROWAN:16
v,351,1,569.0,
v,351,2,954.0,
v,352,0,623.0,ROWAN:17
v,352,1,630.0,
v,352,2,1199.0,
v,353,0,332.0,ROWAN:18
v,353,1,550.0,
v,353,2,185.0,
v,354,0,850.0,ROWAN:19A
v,354,1,882.0,
v,354,2,2217.0,
v,355,0,580.0,ROWAN:21
v,355,1,679.0,
v,355,2,1372.0,
v,356,0,163.0,ROWAN:22
v,356,1,201.0,
v,356,2,495.0,
v,357,0,323.0,ROWAN:23
v,357,1,306.0,
v,357,2,920.0,
v,358,0,275.0,ROWAN:24
v,358,1,295.0,
v,358,2,688.0,
v,359,0,678.0,ROWAN:25
v,359,1,870.0,
v,359,2,1950.0,
v,360,0,359.0,ROWAN:26
v,360,1,395.0,
v,360,2,1065.0,
v,361,0,256.0,ROWAN:27
v,361,1,279.0,
v,361,2,691.0,
v,362,0,566.0,ROWAN:28
v,362,1,791.0,
v,362,2,952.0,
v,363,0,240.0,ROWAN:29
v,363,1,296.0,
v,363,2,732.0,
v,364,0,591.0,ROWAN:30
v,364,1,597.0,
v,364,2,1158.0,
v,365,0,326.0,ROWAN:31
v,365,1,338.0,
v,365,2,831.0,
v,366,0,373.0,ROWAN:32
v,366,1,454.0,
v,366,2,800.0,
v,367,0,339.0,ROWAN:33
v,367,1,367.0,
v,367,2,1073.0,
v,368,0,770.0,ROWAN:34
v,368,1,918.0,
v,368,2,1122.0,
v,369,0,347.0,ROWAN:35
v,369,1,480.0,
v,369,2,544.0,
v,370,0,734.0,ROWAN:36
v,370,1,1118.0,
v,370,2,1099.0,
v,371,0,799.0,ROWAN:38
v,371,1,1181.0,
v,371,2,995.0,
v,372,0,558.0,ROWAN:39
v,372,1,550.0,
v,372,2,993.0,
v,373,0,563.0,ROWAN:40
v,373,1,882.0,
v,373,2,1245.0,
v,374,0,731.0,ROWAN:41
v,374,1,938.0,
v,374,2,1068.0,
v,375,0,962.0,ROWAN:42
v,375,1,1551.0,
v,375,2,446.0,
v,376,0,565.0,ROWAN:44
v,376,1,569.0,
v,376,2,1522.0,
v,377,0,321.0,ROWAN:45
v,377,1,449.0,
v,377,2,591.0,
v,378,0,415.0,RUTHERFORD:03A
v,378,1,462.0,
v,378,2,1180.0,
v,379,0,456.0,RUTHERFORD:04A
v,379,1,529.0,
v,379,2,1284.0,
v,380,0,641.0,RUTHERFORD:05A
v,380,1,636.0,
v,380,2,1621.0,
v,381,0,516.0,RUTHERFORD:06A
v,381,1,569.0,
v,381,2,1348.0,
v,382,0,749.0,RUTHERFORD:09A
v,382,1,801.0,
v,382,2,1822.0,
v,383,0,262.0,RUTHERFORD:10A
v,383,1,255.0,
v,383,2,666.0,
v,384,0,1069.0,RUTHERFORD:11
v,384,1,1316.0,
v,384,2,3161.0,
v,385,0,1023.0,RUTHERFORD:13
v,385,1,1278.0,
v,385,2,1880.0,
v,386,0,614.0,RUTHERFORD:14
v,386,1,664.0,
v,386,2,1156.0,
v,387,0,534.0,RUTHERFORD:16A
v,387,1,555.0,
v,387,2,1539.0,
v,388,0,378.0,RUTHERFORD:18
v,388,1,532.0,
v,388,2,1150.0,
v,389,0,463.0,RUTHERFORD:19
v,389,1,499.0,
v,389,2,1060.0,
v,390,0,755.0,RUTHERFORD:27
v,390,1,870.0,
v,390,2,1879.0,
v,391,0,352.0,RUTHERFORD:28
v,391,1,405.0,
v,391,2,891.0,
v,392,0,410.0,RUTHERFORD:29
v,392,1,567.0,
v,392,2,1038.0,
v,393,0,848.0,RUTHERFORD:30
v,393,1,1045.0,
v,393,2,1583.0,
v,394,0,276.0,RUTHERFORD:34
v,394,1,302.0,
v,394,2,798.0,
v,395,0,300.0,STANLY:2
v,395,1,343.0,
v,395,2,719.0,
v,396,0,454.0,STANLY:3
v,396,1,565.0,
v,396,2,1089.0,
v,397,0,486.0,STANLY:7
v,397,1,510.0,
v,397,2,1127.0,
v,398,0,499.0,STANLY:8
v,398,1,900.0,
v,398,2,403.0,
v,399,0,302.0,STANLY:10
v,399,1,385.0,
v,399,2,731.0,
v,400,0,297.0,STANLY:11
v,400,1,283.0,
v,400,2,721.0,
v,401,0,204.0,STANLY:12
v,401,1,218.0,
v,401,2,555.0,
v,402,0,338.0,STANLY:13
v,402,1,405.0,
v,402,2,993.0,
v,403,0,185.0,STANLY:14
v,403,1,221.0,
v,403,2,630.0,
v,404,0,304.0,STANLY:15
v,404,1,390.0,
v,404,2,629.0,
v,405,0,303.0,STANLY:16
v,405,1,366.0,
v,405,2,625.0,
v,406,0,392.0,STANLY:17
v,406,1,480.0,
v,406,2,1054.0,
v,407,0,329.0,STANLY:18
v,407,1,314.0,
v,407,2,746.0,
v,408,0,334.0,STANLY:19
v,408,1,335.0,
v,408,2,897.0,
v,409,0,489.0,STANLY:20
v,409,1,515.0,
v,409,2,1266.0,
v,410,0,241.0,STANLY:21
v,410,1,304.0,
v,410,2,761.0,
v,411,0,400.0,STANLY:22
v,411,1,445.0,
v,411,2,959.0,
v,412,0,579.0,STANLY:23
v,412,1,621.0,
v,412,2,1560.0,
v,413,0,676.0,STANLY:24
v,413,1,594.0,
v,413,2,1694.0,
v,414,0,677.0,STANLY:25
v,414,1,625.0,
v,414,2,1785.0,
v,415,0,322.0,STANLY:26
v,415,1,346.0,
v,415,2,926.0,
v,416,0,524.0,STANLY:27
v,416,1,581.0,
v,416,2,1224.0,
v,417,0,354.0,STANLY:28
v,417,1,459.0,
v,417,2,688.0,
v,418,0,216.0,SWAIN:ALARKA
v,418,1,177.0,
v,418,2,460.0,
v,419,0,291.0,SWAIN:ALMOND
v,419,1,306.0,
v,419,2,737.0,
v,420,0,555.0,SWAIN:BC1
v,420,1,602.0,
v,420,2,1309.0,
v,421,0,583.0,SWAIN:BC2
v,421,1,527.0,
v,421,2,1485.0,
v,422,0,1873.0,SWAIN:WHCH
v,422,1,442.0,
v,422,2,1004.0,
v,423,0,402.0,TRANSYLVANIA:B1
v,423,1,382.0,
v,423,2,997.0,
v,424,0,384.0,TRANSYLVANIA:B2
v,424,1,512.0,
v,424,2,834.0,
v,425,0,389.0,TRANSYLVANIA:B3
v,425,1,476.0,
v,425,2,1089.0,
v,426,0,444.0,TRANSYLVANIA:B4
v,426,1,414.0,
v,426,2,949.0,
v,427,0,560.0,TRANSYLVANIA:BD
v,427,1,590.0,
v,427,2,1402.0,
v,428,0,492.0,TRANSYLVANIA:CC
v,428,1,503.0,
v,428,2,1364.0,
v,429,0,138.0,TRANSYLVANIA:CM
v,429,1,175.0,
v,429,2,469.0,
v,430,0,518.0,TRANSYLVANIA:DR
v,430,1,584.0,
v,430,2,1289.0,
v,431,0,192.0,TRANSYLVANIA:EF
v,431,1,225.0,
v,431,2,551.0,
v,432,0,339.0,TRANSYLVANIA:LR
v,432,1,350.0,
v,432,2,889.0,
v,433,0,392.0,TRANSYLVANIA:PF
v,433,1,380.0,
v,433,2,771.0,
v,434,0,373.0,TRANSYLVANIA:RE
v,434,1,451.0,
v,434,2,1244.0,
v,435,0,142.0,TRANSYLVANIA:TC1
v,435,1,197.0,
v,435,2,510.0,
v,436,0,323.0,TRANSYLVANIA:TC7
v,436,1,363.0,
v,436,2,964.0,
v,437,0,263.0,TRANSYLVANIA:WC
v,437,1,374.0,
v,437,2,959.0,
v,438,0,460.0,UNION:1
v,438,1,494.0,
v,438,2,435.0,
v,439,0,569.0,UNION:2
v,439,1,692.0,
v,439,2,583.0,
v,440,0,391.0,UNION:3
v,440,1,450.0,
v,440,2,490.0,
v,441,0,574.0,UNION:4
v,441,1,679.0,
v,441,2,307.0,
v,442,0,799.0,UNION:5
v,442,1,827.0,
v,442,2,1602.0,
v,443,0,417.0,UNION:6
v,443,1,474.0,
v,443,2,1034.0,
v,444,0,863.0,UNION:7
v,444,1,944.0,
v,444,2,1751.0,
v,445,0,823.0,UNION:8
v,445,1,1021.0,
v,445,2,1005.0,
v,446,0,410.0,UNION:9
v,446,1,707.0,
v,446,2,480.0,
v,447,0,384.0,UNION:10
v,447,1,496.0,
v,447,2,476.0,
v,448,0,441.0,UNION:11
v,448,1,522.0,
v,448,2,1481.0,
v,449,0,500.0,UNION:12
v,449,1,556.0,
v,449,2,1302.0,
v,450,0,537.0,UNION:13
v,450,1,554.0,
v,450,2,1576.0,
v,451,0,336.0,UNION:14
v,451,1,385.0,
v,451,2,862.0,
v,452,0,1127.0,UNION:15
v,452,1,1079.0,
v,452,2,2229.0,
v,453,0,1149.0,UNION:16
v,453,1,1164.0,
v,453,2,2500.0,
v,454,0,813.0,UNION:017A
v,454,1,818.0,
v,454,2,1739.0,
v,455,0,936.0,UNION:017B
v,455,1,981.0,
v,455,2,2306.0,
v,456,0,632.0,UNION:18
v,456,1,633.0,
v,456,2,1451.0,
v,457,0,1232.0,UNION:19
v,457,1,1314.0,
v,457,2,2827.0,
v,458,0,1017.0,UNION:020A
v,458,1,971.0,
v,458,2,2036.0,
v,459,0,886.0,UNION:020B
v,459,1,983.0,
v,459,2,2091.0,
v,460,0,483.0,UNION:21
v,460,1,589.0,
v,460,2,1324.0,
v,461,0,541.0,UNION:22
v,461,1,599.0,
v,461,2,1547.0,
v,462,0,502.0,UNION:23
v,462,1,511.0,
v,462,2,1199.0,
v,463,0,518.0,UNION:24
v,463,1,662.0,
v,463,2,1334.0,
v,464,0,457.0,UNION:25
v,464,1,491.0,
v,464,2,1090.0,
v,465,0,432.0,UNION:26
v,465,1,496.0,
v,465,2,1079.0,
v,466,0,402.0,UNION:27
v,466,1,444.0,
v,466,2,1024.0,
v,467,0,1279.0,UNION:028A
v,467,1,1179.0,
v,467,2,2382.0,
v,468,0,1035.0,UNION:028B
v,468,1,792.0,
v,468,2,1853.0,
v,469,0,765.0,UNION:028C
v,469,1,731.0,
v,469,2,2014.0,
v,470,0,1139.0,UNION:028D
v,470,1,916.0,
v,470,2,2067.0,
v,471,0,1346.0,UNION:029A
v,471,1,1196.0,
v,471,2,2335.0,
v,472,0,464.0,UNION:029B
v,472,1,462.0,
v,472,2,912.0,
v,473,0,502.0,UNION:029C
v,473,1,531.0,
v,473,2,1228.0,
v,474,0,1190.0,UNION:30
v,474,1,1174.0,
v,474,2,2268.0,
v,475,0,1048.0,UNION:31
v,475,1,993.0,
v,475,2,1790.0,
v,476,0,737.0,UNION:32
v,476,1,839.0,
v,476,2,1670.0,
v,477,0,545.0,UNION:33
v,477,1,620.0,
v,477,2,1370.0,
v,478,0,688.0,UNION:34
v,478,1,876.0,
v,478,2,1700.0,
v,479,0,448.0,UNION:35
v,479,1,474.0,
v,479,2,1153.0,
v,480,0,476.0,UNION:36
v,480,1,532.0,
v,480,2,1073.0,
v,481,0,1286.0,UNION:037A
v,481,1,1208.0,
v,481,2,2507.0,
v,482,0,339.0,UNION:037B
v,482,1,396.0,
v,482,2,856.0,
v,483,0,1079.0,UNION:038A
v,483,1,977.0,
v,483,2,1758.0,
v,484,0,582.0,UNION:038B
v,484,1,663.0,
v,484,2,1466.0,
v,485,0,487.0,UNION:39
v,485,1,564.0,
v,485,2,1214.0,
v,486,0,875.0,UNION:40
v,486,1,832.0,
v,486,2,2155.0,
v,487,0,971.0,UNION:41
v,487,1,866.0,
v,487,2,1941.0,
v,488,0,513.0,UNION:42
v,488,1,520.0,
v,488,2,947.0,
v,489,0,401.0,UNION:43
v,489,1,503.0,
v,489,2,265.0,
v,490,0,601.0,VANCE:CC
v,490,1,826.0,
v,490,2,1113.0,
v,491,0,684.0,VANCE:EH1
v,491,1,1162.0,
v,491,2,332.0,
v,492,0,186.0,VANCE:HTOP
v,492,1,347.0,
v,492,2,221.0,
v,493,0,849.0,VANCE:KITT
v,493,1,1412.0,
v,493,2,1618.0,
v,494,0,704.0,VANCE:MIDD
v,494,1,1124.0,
v,494,2,940.0,
v,495,0,851.0,VANCE:NH
v,495,1,1491.0,
v,495,2,1124.0,
v,496,0,705.0,VANCE:NH1
v,496,1,1203.0,
v,496,2,416.0,
v,497,0,411.0,VANCE:NV
v,497,1,672.0,
v,497,2,468.0,
v,498,0,1049.0,VANCE:SCRK
v,498,1,1596.0,
v,498,2,1504.0,
v,499,0,625.0,VANCE:SH1
v,499,1,950.0,
v,499,2,543.0,
v,500,0,192.0,VANCE:SH2
v,500,1,325.0,
v,500,2,284.0,
v,501,0,974.0,VANCE:WH
v,501,1,1342.0,
v,501,2,1482.0,
v,502,0,226.0,WARREN:1
v,502,1,349.0,
v,502,2,464.0,
v,503,0,200.0,WARREN:2
v,503,1,252.0,
v,503,2,400.0,
v,504,0,223.0,WARREN:3
v,504,1,383.0,
v,504,2,348.0,
v,505,0,216.0,WARREN:4
v,505,1,353.0,
v,505,2,245.0,
v,506,0,305.0,WARREN:5
v,506,1,622.0,
v,506,2,269.0,
v,507,0,350.0,WARREN:6
v,507,1,537.0,
v,507,2,330.0,
v,508,0,225.0,WARREN:7
v,508,1,388.0,
v,508,2,254.0,
v,509,0,667.0,WARREN:8
v,509,1,344.0,
v,509,2,167.0,
v,510,0,163.0,WARREN:9
v,510,1,198.0,
v,510,2,186.0,
v,511,0,526.0,WARREN:10
v,511,1,844.0,
v,511,2,430.0,
v,512,0,108.0,WARREN:11
v,512,1,171.0,
v,512,2,90.0,
v,513,0,166.0,WARREN:12
v,513,1,203.0,
v,513,2,484.0,
v,514,0,177.0,WARREN:13
v,514,1,242.0,
v,514,2,235.0,
v,515,0,366.0,WARREN:14
v,515,1,667.0,
v,515,2,398.0,
v,516,0,633.0,YANCEY:01 BUR
v,516,1,718.0,
v,516,2,1963.0,
v,517,0,238.0,YANCEY:02 CAN
v,517,1,288.0,
v,517,2,846.0,
v,518,0,82.0,YANCEY:03 EGY
v,518,1,126.0,
v,518,2,316.0,
v,519,0,83.0,YANCEY:04 RAM
v,519,1,73.0,
v,519,2,208.0,
v,520,0,94.0,YANCEY:05 GRE
v,520,1,101.0,
v,520,2,289.0,
v,521,0,257.0,YANCEY:06 JAC
v,521,1,290.0,
v,521,2,843.0,
v,522,0,76.0,YANCEY:07 BRU
v,522,1,88.0,
v,522,2,230.0,
v,523,0,495.0,YANCEY:08 CRA
v,523,1,586.0,
v,523,2,1501.0,
v,524,0,398.0,YANCEY:09 SOU
v,524,1,337.0,
v,524,2,1125.0,
v,525,0,99.0,YANCEY:10 PEN
v,525,1,104.0,
v,525,2,320.0,
v,526,0,230.0,YANCEY:11 PRI
v,526,1,283.0,
v,526,2,681.0,
n,0,0,2880.0,
n,0,1,224.0,
n,0,2,104.0,
n,1,0,3032.0,
n,1,1,81.0,
n,1,2,104.0,
n,2,0,3411.0,
n,2,1,409.0,
n,2,2,506.0,
n,3,0,2015.0,
n,3,1,162.0,
n,3,2,145.0,
n,4,0,2683.0,
n,4,1,310.0,
n,4,2,377.0,
n,5,0,614.0,
n,5,1,4.0,
n,5,2,13.0,
n,6,0,4192.0,
n,6,1,853.0,
n,6,2,522.0,
n,7,0,2203.0,
n,7,1,248.0,
n,7,2,164.0,
n,8,0,3137.0,
n,8,1,389.0,
n,8,2,124.0,
n,9,0,2226.0,
n,9,1,112.0,
n,9,2,72.0,
n,10,0,1145.0,
n,10,1,969.0,
n,10,2,355.0,
n,11,0,3035.0,
n,11,1,541.0,
n,11,2,297.0,
n,12,0,1332.0,
n,12,1,613.0,
n,12,2,168.0,
n,13,0,1024.0,
n,13,1,969.0,
n,13,2,274.0,
n,14,0,2072.0,
n,14,1,465.0,
n,14,2,213.0,
n,15,0,617.0,
n,15,1,267.0,
n,15,2,118.0,
n,16,0,2630.0,
n,16,1,151.0,
n,16,2,116.0,
n,17,0,2216.0,
n,17,1,214.0,
n,17,2,188.0,
n,18,0,1259.0,
n,18,1,62.0,
n,18,2,64.0,
n,19,0,1434.0,
n,19,1,383.0,
n,19,2,111.0,
n,20,0,3381.0,
n,20,1,509.0,
n,20,2,297.0,
n,21,0,2328.0,
n,21,1,247.0,
n,21,2,177.0,
n,22,0,2661.0,
n,22,1,506.0,
n,22,2,195.0,
n,23,0,4598.0,
n,23,1,1524.0,
n,23,2,679.0,
n,24,0,1700.0,
n,24,1,1310.0,
n,24,2,170.0,
n,25,0,1124.0,
n,25,1,527.0,
n,25,2,169.0,
n,26,0,1362.0,
n,26,1,290.0,
n,26,2,112.0,
n,27,0,1634.0,
n,27,1,243.0,
n,27,2,135.0,
n,28,0,1628.0,
n,28,1,59.0,
n,28,2,72.0,
n,29,0,1334.0,
n,29,1,2255.0,
n,29,2,421.0,
n,30,0,849.0,
n,30,1,858.0,
n,30,2,256.0,
n,31,0,1289.0,
n,31,1,159.0,
n,31,2,108.0,
n,32,0,761.0,
n,32,1,613.0,
n,32,2,251.0,
n,33,0,773.0,
n,33,1,2374.0,
n,33,2,368.0,
n,34,0,524.0,
n,34,1,579.0,
n,34,2,181.0,
n,35,0,1587.0,
n,35,1,225.0,
n,35,2,145.0,
n,36,0,1843.0,
n,36,1,1052.0,
n,36,2,291.0,
n,37,0,2681.0,
n,37,1,15.0,
n,37,2,86.0,
n,38,0,3074.0,
n,38,1,28.0,
n,38,2,124.0,
n,39,0,2207.0,
n,39,1,88.0,
n,39,2,32.0,
n,40,0,3003.0,
n,40,1,95.0,
n,40,2,63.0,
n,41,0,3633.0,
n,41,1,93.0,
n,41,2,63.0,
n,42,0,1487.0,
n,42,1,111.0,
n,42,2,79.0,
n,43,0,5149.0,
n,43,1,213.0,
n,43,2,131.0,
n,44,0,10237.0,
n,44,1,868.0,
n,44,2,430.0,
n,45,0,4761.0,
n,45,1,555.0,
n,45,2,205.0,
n,46,0,1553.0,
n,46,1,2.0,
n,46,2,56.0,
n,47,0,1123.0,
n,47,1,8.0,
n,47,2,34.0,
n,48,0,3264.0,
n,48,1,65.0,
n,48,2,135.0,
n,49,0,1305.0,
n,49,1,10.0,
n,49,2,41.0,
n,50,0,1437.0,
n,50,1,4.0,
n,50,2,49.0,
n,51,0,2782.0,
n,51,1,190.0,
n,51,2,171.0,
n,52,0,1097.0,
n,52,1,20.0,
n,52,2,39.0,
n,53,0,2643.0,
n,53,1,30.0,
n,53,2,146.0,
n,54,0,1776.0,
n,54,1,8.0,
n,54,2,50.0,
n,55,0,2610.0,
n,55,1,32.0,
n,55,2,118.0,
n,56,0,1919.0,
n,56,1,7.0,
n,56,2,91.0,
n,57,0,1362.0,
n,57,1,17.0,
n,57,2,78.0,
n,58,0,467.0,
n,58,1,2.0,
n,58,2,9.0,
n,59,0,536.0,
n,59,1,29.0,
n,59,2,16.0,
n,60,0,756.0,
n,60,1,114.0,
n,60,2,17.0,
n,61,0,1388.0,
n,61,1,13.0,
n,61,2,66.0,
n,62,0,1742.0,
n,62,1,28.0,
n,62,2,81.0,
n,63,0,2413.0,
n,63,1,22.0,
n,63,2,85.0,
n,64,0,1138.0,
n,64,1,49.0,
n,64,2,59.0,
n,65,0,1099.0,
n,65,1,10.0,
n,65,2,18.0,
n,66,0,1394.0,
n,66,1,463.0,
n,66,2,137.0,
n,67,0,1683.0,
n,67,1,187.0,
n,67,2,108.0,
n,68,0,1137.0,
n,68,1,271.0,
n,68,2,99.0,
n,69,0,1842.0,
n,69,1,43.0,
n,69,2,76.0,
n,70,0,1871.0,
n,70,1,164.0,
n,70,2,133.0,
n,71,0,1341.0,
n,71,1,231.0,
n,71,2,151.0,
n,72,0,1600.0,
n,72,1,105.0,
n,72,2,87.0,
n,73,0,1516.0,
n,73,1,420.0,
n,73,2,77.0,
n,74,0,1112.0,
n,74,1,172.0,
n,74,2,47.0,
n,75,0,1884.0,
n,75,1,125.0,
n,75,2,88.0,
n,76,0,2949.0,
n,76,1,299.0,
n,76,2,242.0,
n,77,0,1159.0,
n,77,1,140.0,
n,77,2,157.0,
n,78,0,2227.0,
n,78,1,20.0,
n,78,2,112.0,
n,79,0,813.0,
n,79,1,23.0,
n,79,2,11.0,
n,80,0,777.0,
n,80,1,2.0,
n,80,2,21.0,
n,81,0,1090.0,
n,81,1,9.0,
n,81,2,45.0,
n,82,0,1814.0,
n,82,1,242.0,
n,82,2,86.0,
n,83,0,2373.0,
n,83,1,52.0,
n,83,2,62.0,
n,84,0,1865.0,
n,84,1,16.0,
n,84,2,54.0,
n,85,0,1822.0,
n,85,1,33.0,
n,85,2,50.0,
n,86,0,1284.0,
n,86,1,4.0,
n,86,2,26.0,
n,87,0,887.0,
n,87,1,2.0,
n,87,2,18.0,
n,88,0,940.0,
n,88,1,6.0,
n,88,2,31.0,
n,89,0,458.0,
n,89,1,1.0,
n,89,2,23.0,
n,90,0,851.0,
n,90,1,1.0,
n,90,2,12.0,
n,91,0,2232.0,
n,91,1,7.0,
n,91,2,34.0,
n,92,0,1492.0,
n,92,1,6.0,
n,92,2,36.0,
n,93,0,1537.0,
n,93,1,17.0,
n,93,2,35.0,
n,94,0,2124.0,
n,94,1,126.0,
n,94,2,82.0,
n,95,0,2366.0,
n,95,1,24.0,
n,95,2,97.0,
n,96,0,2300.0,
n,96,1,14.0,
n,96,2,67.0,
n,97,0,1774.0,
n,97,1,11.0,
n,97,2,31.0,
n,98,0,477.0,
n,98,1,1.0,
n,98,2,8.0,
n,99,0,621.0,
n,99,1,2.0,
n,99,2,9.0,
n,100,0,850.0,
n,100,1,3.0,
n,100,2,21.0,
n,101,0,1205.0,
n,101,1,14.0,
n,101,2,45.0,
n,102,0,1419.0,
n,102,1,7.0,
n,102,2,48.0,
n,103,0,477.0,
n,103,1,9.0,
n,103,2,19.0,
n,104,0,1362.0,
n,104,1,13.0,
n,104,2,39.0,
n,105,0,1271.0,
n,105,1,3.0,
n,105,2,36.0,
n,106,0,735.0,
n,106,1,1.0,
n,106,2,14.0,
n,107,0,676.0,
n,107,1,2.0,
n,107,2,10.0,
n,108,0,753.0,
n,108,1,6.0,
n,108,2,17.0,
n,109,0,1461.0,
n,109,1,165.0,
n,109,2,67.0,
n,110,0,3890.0,
n,110,1,473.0,
n,110,2,188.0,
n,111,0,1211.0,
n,111,1,2.0,
n,111,2,31.0,
n,112,0,1443.0,
n,112,1,55.0,
n,112,2,42.0,
n,113,0,2416.0,
n,113,1,501.0,
n,113,2,127.0,
n,114,0,359.0,
n,114,1,563.0,
n,114,2,22.0,
n,115,0,3376.0,
n,115,1,1094.0,
n,115,2,176.0,
n,116,0,3011.0,
n,116,1,919.0,
n,116,2,216.0,
n,117,0,2385.0,
n,117,1,224.0,
n,117,2,92.0,
n,118,0,1085.0,
n,118,1,592.0,
n,118,2,37.0,
n,119,0,1298.0,
n,119,1,122.0,
n,119,2,46.0,
n,120,0,1768.0,
n,120,1,67.0,
n,120,2,40.0,
n,121,0,2809.0,
n,121,1,197.0,
n,121,2,151.0,
n,122,0,2010.0,
n,122,1,113.0,
n,122,2,53.0,
n,123,0,2710.0,
n,123,1,789.0,
n,123,2,120.0,
n,124,0,2650.0,
n,124,1,1771.0,
n,124,2,206.0,
n,125,0,1458.0,
n,125,1,859.0,
n,125,2,67.0,
n,126,0,4147.0,
n,126,1,2368.0,
n,126,2,359.0,
n,127,0,3578.0,
n,127,1,1970.0,
n,127,2,252.0,
n,128,0,2091.0,
n,128,1,451.0,
n,128,2,74.0,
n,129,0,2279.0,
n,129,1,664.0,
n,129,2,128.0,
n,130,0,7009.0,
n,130,1,2093.0,
n,130,2,1347.0,
n,131,0,3425.0,
n,131,1,66.0,
n,131,2,108.0,
n,132,0,735.0,
n,132,1,337.0,
n,132,2,55.0,
n,133,0,2365.0,
n,133,1,173.0,
n,133,2,91.0,
n,134,0,773.0,
n,134,1,580.0,
n,134,2,80.0,
n,135,0,1590.0,
n,135,1,902.0,
n,135,2,74.0,
n,136,0,620.0,
n,136,1,346.0,
n,136,2,35.0,
n,137,0,281.0,
n,137,1,262.0,
n,137,2,14.0,
n,138,0,620.0,
n,138,1,272.0,
n,138,2,31.0,
n,139,0,2656.0,
n,139,1,243.0,
n,139,2,126.0,
n,140,0,491.0,
n,140,1,14.0,
n,140,2,18.0,
n,141,0,646.0,
n,141,1,88.0,
n,141,2,28.0,
n,142,0,2276.0,
n,142,1,1127.0,
n,142,2,156.0,
n,143,0,578.0,
n,143,1,243.0,
n,143,2,55.0,
n,144,0,3499.0,
n,144,1,469.0,
n,144,2,209.0,
n,145,0,2018.0,
n,145,1,170.0,
n,145,2,148.0,
n,146,0,1796.0,
n,146,1,1233.0,
n,146,2,156.0,
n,147,0,2880.0,
n,147,1,119.0,
n,147,2,111.0,
n,148,0,2291.0,
n,148,1,221.0,
n,148,2,88.0,
n,149,0,3978.0,
n,149,1,669.0,
n,149,2,292.0,
n,150,0,1455.0,
n,150,1,1008.0,
n,150,2,117.0,
n,151,0,842.0,
n,151,1,1708.0,
n,151,2,127.0,
n,152,0,1485.0,
n,152,1,524.0,
n,152,2,114.0,
n,153,0,2577.0,
n,153,1,1530.0,
n,153,2,418.0,
n,154,0,911.0,
n,154,1,1112.0,
n,154,2,143.0,
n,155,0,3600.0,
n,155,1,806.0,
n,155,2,252.0,
n,156,0,937.0,
n,156,1,1186.0,
n,156,2,164.0,
n,157,0,725.0,
n,157,1,698.0,
n,157,2,67.0,
n,158,0,2268.0,
n,158,1,1004.0,
n,158,2,179.0,
n,159,0,1666.0,
n,159,1,531.0,
n,159,2,140.0,
n,160,0,938.0,
n,160,1,665.0,
n,160,2,93.0,
n,161,0,1458.0,
n,161,1,171.0,
n,161,2,109.0,
n,162,0,2146.0,
n,162,1,600.0,
n,162,2,144.0,
n,163,0,1145.0,
n,163,1,350.0,
n,163,2,67.0,
n,164,0,739.0,
n,164,1,266.0,
n,164,2,46.0,
n,165,0,840.0,
n,165,1,853.0,
n,165,2,77.0,
n,166,0,809.0,
n,166,1,463.0,
n,166,2,57.0,
n,167,0,1527.0,
n,167,1,269.0,
n,167,2,121.0,
n,168,0,3367.0,
n,168,1,542.0,
n,168,2,247.0,
n,169,0,1196.0,
n,169,1,1547.0,
n,169,2,165.0,
n,170,0,968.0,
n,170,1,986.0,
n,170,2,71.0,
n,171,0,2889.0,
n,171,1,441.0,
n,171,2,197.0,
n,172,0,2264.0,
n,172,1,314.0,
n,172,2,182.0,
n,173,0,3517.0,
n,173,1,778.0,
n,173,2,424.0,
n,174,0,2442.0,
n,174,1,3.0,
n,174,2,106.0,
n,175,0,1081.0,
n,175,1,1.0,
n,175,2,31.0,
n,176,0,478.0,
n,176,1,1.0,
n,176,2,18.0,
n,177,0,1976.0,
n,177,1,3.0,
n,177,2,306.0,
n,178,0,398.0,
n,178,1,691.0,
n,178,2,34.0,
n,179,0,1009.0,
n,179,1,521.0,
n,179,2,49.0,
n,180,0,1641.0,
n,180,1,1167.0,
n,180,2,208.0,
n,181,0,1352.0,
n,181,1,740.0,
n,181,2,85.0,
n,182,0,828.0,
n,182,1,1037.0,
n,182,2,82.0,
n,183,0,2782.0,
n,183,1,1519.0,
n,183,2,360.0,
n,184,0,891.0,
n,184,1,1170.0,
n,184,2,65.0,
n,185,0,3106.0,
n,185,1,842.0,
n,185,2,297.0,
n,186,0,706.0,
n,186,1,520.0,
n,186,2,37.0,
n,187,0,1096.0,
n,187,1,631.0,
n,187,2,83.0,
n,188,0,1219.0,
n,188,1,598.0,
n,188,2,64.0,
n,189,0,419.0,
n,189,1,1095.0,
n,189,2,83.0,
n,190,0,3145.0,
n,190,1,639.0,
n,190,2,190.0,
n,191,0,4403.0,
n,191,1,479.0,
n,191,2,315.0,
n,192,0,598.0,
n,192,1,841.0,
n,192,2,78.0,
n,193,0,58.0,
n,193,1,116.0,
n,193,2,220.0,
n,194,0,443.0,
n,194,1,660.0,
n,194,2,1085.0,
n,195,0,282.0,
n,195,1,465.0,
n,195,2,285.0,
n,196,0,606.0,
n,196,1,359.0,
n,196,2,103.0,
n,197,0,936.0,
n,197,1,525.0,
n,197,2,201.0,
n,198,0,2300.0,
n,198,1,1382.0,
n,198,2,659.0,
n,199,0,2631.0,
n,199,1,934.0,
n,199,2,523.0,
n,200,0,836.0,
n,200,1,313.0,
n,200,2,231.0,
n,201,0,1991.0,
n,201,1,1954.0,
n,201,2,703.0,
n,202,0,1143.0,
n,202,1,939.0,
n,202,2,322.0,
n,203,0,632.0,
n,203,1,898.0,
n,203,2,122.0,
n,204,0,488.0,
n,204,1,392.0,
n,204,2,103.0,
n,205,0,1290.0,
n,205,1,1958.0,
n,205,2,434.0,
n,206,0,981.0,
n,206,1,850.0,
n,206,2,197.0,
n,207,0,10.0,
n,207,1,813.0,
n,207,2,20.0,
n,208,0,3951.0,
n,208,1,431.0,
n,208,2,176.0,
n,209,0,4306.0,
n,209,1,436.0,
n,209,2,272.0,
n,210,0,5230.0,
n,210,1,626.0,
n,210,2,378.0,
n,211,0,4702.0,
n,211,1,1151.0,
n,211,2,406.0,
n,212,0,6889.0,
n,212,1,752.0,
n,212,2,416.0,
n,213,0,5848.0,
n,213,1,353.0,
n,213,2,436.0,
n,214,0,3954.0,
n,214,1,418.0,
n,214,2,237.0,
n,215,0,1851.0,
n,215,1,531.0,
n,215,2,120.0,
n,216,0,2408.0,
n,216,1,279.0,
n,216,2,187.0,
n,217,0,2081.0,
n,217,1,371.0,
n,217,2,122.0,
n,218,0,6803.0,
n,218,1,287.0,
n,218,2,545.0,
n,219,0,8560.0,
n,219,1,157.0,
n,219,2,459.0,
n,220,0,3937.0,
n,220,1,55.0,
n,220,2,210.0,
n,221,0,4179.0,
n,221,1,180.0,
n,221,2,312.0,
n,222,0,1053.0,
n,222,1,84.0,
n,222,2,34.0,
n,223,0,6131.0,
n,223,1,674.0,
n,223,2,254.0,
n,224,0,1164.0,
n,224,1,7.0,
n,224,2,20.0,
n,225,0,1195.0,
n,225,1,30.0,
n,225,2,28.0,
n,226,0,1706.0,
n,226,1,72.0,
n,226,2,29.0,
n,227,0,2660.0,
n,227,1,190.0,
n,227,2,147.0,
n,228,0,2848.0,
n,228,1,201.0,
n,228,2,74.0,
n,229,0,2878.0,
n,229,1,671.0,
n,229,2,393.0,
n,230,0,2178.0,
n,230,1,676.0,
n,230,2,230.0,
n,231,0,1689.0,
n,231,1,1558.0,
n,231,2,204.0,
n,232,0,2265.0,
n,232,1,604.0,
n,232,2,159.0,
n,233,0,2021.0,
n,233,1,996.0,
n,233,2,175.0,
n,234,0,1724.0,
n,234,1,1728.0,
n,234,2,223.0,
n,235,0,1949.0,
n,235,1,336.0,
n,235,2,98.0,
n,236,0,1299.0,
n,236,1,31.0,
n,236,2,45.0,
n,237,0,2411.0,
n,237,1,8.0,
n,237,2,66.0,
n,238,0,1055.0,
n,238,1,5.0,
n,238,2,29.0,
n,239,0,1157.0,
n,239,1,3.0,
n,239,2,33.0,
n,240,0,863.0,
n,240,1,1.0,
n,240,2,19.0,
n,241,0,1033.0,
n,241,1,2.0,
n,241,2,25.0,
n,242,0,3467.0,
n,242,1,165.0,
n,242,2,233.0,
n,243,0,2312.0,
n,243,1,7.0,
n,243,2,96.0,
n,244,0,294.0,
n,244,1,1.0,
n,244,2,16.0,
n,245,0,485.0,
n,245,1,3.0,
n,245,2,19.0,
n,246,0,1013.0,
n,246,1,3.0,
n,246,2,41.0,
n,247,0,745.0,
n,247,1,3.0,
n,247,2,35.0,
n,248,0,1269.0,
n,248,1,3.0,
n,248,2,49.0,
n,249,0,2512.0,
n,249,1,13.0,
n,249,2,32.0,
n,250,0,2106.0,
n,250,1,28.0,
n,250,2,81.0,
n,251,0,1254.0,
n,251,1,86.0,
n,251,2,16.0,
n,252,0,1073.0,
n,252,1,65.0,
n,252,2,22.0,
n,253,0,1676.0,
n,253,1,9.0,
n,253,2,32.0,
n,254,0,1234.0,
n,254,1,14.0,
n,254,2,21.0,
n,255,0,1678.0,
n,255,1,21.0,
n,255,2,18.0,
n,256,0,2627.0,
n,256,1,76.0,
n,256,2,60.0,
n,257,0,1278.0,
n,257,1,280.0,
n,257,2,52.0,
n,258,0,873.0,
n,258,1,8.0,
n,258,2,25.0,
n,259,0,1004.0,
n,259,1,25.0,
n,259,2,44.0,
n,260,0,891.0,
n,260,1,13.0,
n,260,2,20.0,
n,261,0,779.0,
n,261,1,4.0,
n,261,2,12.0,
n,262,0,2717.0,
n,262,1,87.0,
n,262,2,46.0,
n,263,0,2200.0,
n,263,1,39.0,
n,263,2,34.0,
n,264,0,787.0,
n,264,1,5.0,
n,264,2,8.0,
n,265,0,3314.0,
n,265,1,136.0,
n,265,2,72.0,
n,266,0,1302.0,
n,266,1,3.0,
n,266,2,21.0,
n,267,0,316.0,
n,267,1,2.0,
n,267,2,1.0,
n,268,0,564.0,
n,268,1,1.0,
n,268,2,13.0,
n,269,0,5664.0,
n,269,1,25.0,
n,269,2,226.0,
n,270,0,784.0,
n,270,1,3.0,
n,270,2,17.0,
n,271,0,576.0,
n,271,1,3.0,
n,271,2,14.0,
n,272,0,225.0,
n,272,1,1.0,
n,272,2,4.0,
n,273,0,280.0,
n,273,1,1.0,
n,273,2,2.0,
n,274,0,1286.0,
n,274,1,1.0,
n,274,2,47.0,
n,275,0,904.0,
n,275,1,387.0,
n,275,2,153.0,
n,276,0,989.0,
n,276,1,383.0,
n,276,2,180.0,
n,277,0,562.0,
n,277,1,111.0,
n,277,2,29.0,
n,278,0,1317.0,
n,278,1,12.0,
n,278,2,42.0,
n,279,0,523.0,
n,279,1,10.0,
n,279,2,12.0,
n,280,0,721.0,
n,280,1,1029.0,
n,280,2,78.0,
n,281,0,329.0,
n,281,1,1.0,
n,281,2,5.0,
n,282,0,872.0,
n,282,1,92.0,
n,282,2,43.0,
n,283,0,291.0,
n,283,1,403.0,
n,283,2,63.0,
n,284,0,1383.0,
n,284,1,66.0,
n,284,2,67.0,
n,285,0,1378.0,
n,285,1,568.0,
n,285,2,101.0,
n,286,0,1127.0,
n,286,1,186.0,
n,286,2,43.0,
n,287,0,1263.0,
n,287,1,16.0,
n,287,2,56.0,
n,288,0,231.0,
n,288,1,203.0,
n,288,2,79.0,
n,289,0,1306.0,
n,289,1,731.0,
n,289,2,60.0,
n,290,0,1385.0,
n,290,1,400.0,
n,290,2,46.0,
n,291,0,4014.0,
n,291,1,710.0,
n,291,2,227.0,
n,292,0,820.0,
n,292,1,182.0,
n,292,2,64.0,
n,293,0,2037.0,
n,293,1,303.0,
n,293,2,96.0,
n,294,0,1334.0,
n,294,1,232.0,
n,294,2,49.0,
n,295,0,2298.0,
n,295,1,1677.0,
n,295,2,210.0,
n,296,0,2336.0,
n,296,1,1690.0,
n,296,2,147.0,
n,297,0,926.0,
n,297,1,667.0,
n,297,2,78.0,
n,298,0,1424.0,
n,298,1,374.0,
n,298,2,73.0,
n,299,0,635.0,
n,299,1,417.0,
n,299,2,45.0,
n,300,0,3026.0,
n,300,1,1121.0,
n,300,2,378.0,
n,301,0,2929.0,
n,301,1,408.0,
n,301,2,416.0,
n,302,0,7299.0,
n,302,1,372.0,
n,302,2,517.0,
n,303,0,3531.0,
n,303,1,232.0,
n,303,2,230.0,
n,304,0,4625.0,
n,304,1,707.0,
n,304,2,437.0,
n,305,0,2914.0,
n,305,1,31.0,
n,305,2,88.0,
n,306,0,4054.0,
n,306,1,189.0,
n,306,2,193.0,
n,307,0,3389.0,
n,307,1,200.0,
n,307,2,162.0,
n,308,0,2166.0,
n,308,1,480.0,
n,308,2,131.0,
n,309,0,2126.0,
n,309,1,177.0,
n,309,2,96.0,
n,310,0,4206.0,
n,310,1,103.0,
n,310,2,148.0,
n,311,0,5272.0,
n,311,1,92.0,
n,311,2,169.0,
n,312,0,2238.0,
n,312,1,463.0,
n,312,2,147.0,
n,313,0,4796.0,
n,313,1,294.0,
n,313,2,351.0,
n,314,0,1813.0,
n,314,1,73.0,
n,314,2,62.0,
n,315,0,3230.0,
n,315,1,232.0,
n,315,2,94.0,
n,316,0,1772.0,
n,316,1,171.0,
n,316,2,77.0,
n,317,0,2552.0,
n,317,1,30.0,
n,317,2,51.0,
n,318,0,2825.0,
n,318,1,33.0,
n,318,2,55.0,
n,319,0,7490.0,
n,319,1,328.0,
n,319,2,294.0,
n,320,0,3906.0,
n,320,1,49.0,
n,320,2,113.0,
n,321,0,6636.0,
n,321,1,168.0,
n,321,2,349.0,
n,322,0,1560.0,
n,322,1,561.0,
n,322,2,87.0,
n,323,0,2990.0,
n,323,1,859.0,
n,323,2,153.0,
n,324,0,3225.0,
n,324,1,766.0,
n,324,2,164.0,
n,325,0,1534.0,
n,325,1,215.0,
n,325,2,71.0,
n,326,0,3588.0,
n,326,1,178.0,
n,326,2,211.0,
n,327,0,2159.0,
n,327,1,163.0,
n,327,2,98.0,
n,328,0,3096.0,
n,328,1,594.0,
n,328,2,105.0,
n,329,0,2445.0,
n,329,1,805.0,
n,329,2,123.0,
n,330,0,3143.0,
n,330,1,559.0,
n,330,2,166.0,
n,331,0,3057.0,
n,331,1,1195.0,
n,331,2,199.0,
n,332,0,4355.0,
n,332,1,3332.0,
n,332,2,324.0,
n,333,0,3113.0,
n,333,1,84.0,
n,333,2,168.0,
n,334,0,4020.0,
n,334,1,694.0,
n,334,2,150.0,
n,335,0,2621.0,
n,335,1,1208.0,
n,335,2,203.0,
n,336,0,5234.0,
n,336,1,945.0,
n,336,2,267.0,
n,337,0,1725.0,
n,337,1,34.0,
n,337,2,64.0,
n,338,0,878.0,
n,338,1,413.0,
n,338,2,88.0,
n,339,0,2225.0,
n,339,1,43.0,
n,339,2,64.0,
n,340,0,3684.0,
n,340,1,95.0,
n,340,2,120.0,
n,341,0,3526.0,
n,341,1,312.0,
n,341,2,203.0,
n,342,0,1401.0,
n,342,1,437.0,
n,342,2,74.0,
n,343,0,2745.0,
n,343,1,330.0,
n,343,2,183.0,
n,344,0,1917.0,
n,344,1,45.0,
n,344,2,84.0,
n,345,0,2496.0,
n,345,1,67.0,
n,345,2,78.0,
n,346,0,2406.0,
n,346,1,385.0,
n,346,2,136.0,
n,347,0,1326.0,
n,347,1,506.0,
n,347,2,94.0,
n,348,0,1936.0,
n,348,1,54.0,
n,348,2,51.0,
n,349,0,3735.0,
n,349,1,363.0,
n,349,2,109.0,
n,350,0,2864.0,
n,350,1,234.0,
n,350,2,107.0,
n,351,0,1464.0,
n,351,1,368.0,
n,351,2,160.0,
n,352,0,1921.0,
n,352,1,345.0,
n,352,2,186.0,
n,353,0,127.0,
n,353,1,893.0,
n,353,2,47.0,
n,354,0,3492.0,
n,354,1,291.0,
n,354,2,166.0,
n,355,0,2130.0,
n,355,1,382.0,
n,355,2,119.0,
n,356,0,834.0,
n,356,1,13.0,
n,356,2,12.0,
n,357,0,1504.0,
n,357,1,8.0,
n,357,2,37.0,
n,358,0,1145.0,
n,358,1,70.0,
n,358,2,43.0,
n,359,0,3365.0,
n,359,1,43.0,
n,359,2,90.0,
n,360,0,1766.0,
n,360,1,20.0,
n,360,2,33.0,
n,361,0,1011.0,
n,361,1,192.0,
n,361,2,23.0,
n,362,0,1406.0,
n,362,1,772.0,
n,362,2,131.0,
n,363,0,1114.0,
n,363,1,96.0,
n,363,2,58.0,
n,364,0,1848.0,
n,364,1,307.0,
n,364,2,191.0,
n,365,0,1365.0,
n,365,1,94.0,
n,365,2,36.0,
n,366,0,1292.0,
n,366,1,260.0,
n,366,2,75.0,
n,367,0,1695.0,
n,367,1,23.0,
n,367,2,61.0,
n,368,0,1765.0,
n,368,1,876.0,
n,368,2,169.0,
n,369,0,770.0,
n,369,1,524.0,
n,369,2,77.0,
n,370,0,1512.0,
n,370,1,1288.0,
n,370,2,151.0,
n,371,0,1324.0,
n,371,1,1505.0,
n,371,2,146.0,
n,372,0,1486.0,
n,372,1,426.0,
n,372,2,189.0,
n,373,0,1775.0,
n,373,1,799.0,
n,373,2,116.0,
n,374,0,1677.0,
n,374,1,875.0,
n,374,2,185.0,
n,375,0,72.0,
n,375,1,2668.0,
n,375,2,219.0,
n,376,0,2490.0,
n,376,1,43.0,
n,376,2,123.0,
n,377,0,857.0,
n,377,1,446.0,
n,377,2,58.0,
n,378,0,1908.0,
n,378,1,79.0,
n,378,2,70.0,
n,379,0,2000.0,
n,379,1,186.0,
n,379,2,83.0,
n,380,0,2544.0,
n,380,1,210.0,
n,380,2,144.0,
n,381,0,2159.0,
n,381,1,161.0,
n,381,2,113.0,
n,382,0,3144.0,
n,382,1,92.0,
n,382,2,136.0,
n,383,0,1137.0,
n,383,1,10.0,
n,383,2,36.0,
n,384,0,5122.0,
n,384,1,243.0,
n,384,2,181.0,
n,385,0,2794.0,
n,385,1,1117.0,
n,385,2,270.0,
n,386,0,1832.0,
n,386,1,443.0,
n,386,2,159.0,
n,387,0,2479.0,
n,387,1,58.0,
n,387,2,91.0,
n,388,0,1826.0,
n,388,1,163.0,
n,388,2,71.0,
n,389,0,1754.0,
n,389,1,188.0,
n,389,2,80.0,
n,390,0,3030.0,
n,390,1,329.0,
n,390,2,145.0,
n,391,0,1367.0,
n,391,1,198.0,
n,391,2,83.0,
n,392,0,1658.0,
n,392,1,258.0,
n,392,2,99.0,
n,393,0,2410.0,
n,393,1,874.0,
n,393,2,192.0,
n,394,0,1325.0,
n,394,1,12.0,
n,394,2,39.0,
n,395,0,1107.0,
n,395,1,177.0,
n,395,2,78.0,
n,396,0,1738.0,
n,396,1,288.0,
n,396,2,82.0,
n,397,0,1666.0,
n,397,1,325.0,
n,397,2,132.0,
n,398,0,327.0,
n,398,1,1397.0,
n,398,2,78.0,
n,399,0,1142.0,
n,399,1,172.0,
n,399,2,104.0,
n,400,0,1151.0,
n,400,1,87.0,
n,400,2,63.0,
n,401,0,898.0,
n,401,1,21.0,
n,401,2,58.0,
n,402,0,1602.0,
n,402,1,74.0,
n,402,2,60.0,
n,403,0,983.0,
n,403,1,18.0,
n,403,2,35.0,
n,404,0,949.0,
n,404,1,335.0,
n,404,2,39.0,
n,405,0,934.0,
n,405,1,302.0,
n,405,2,58.0,
n,406,0,1701.0,
n,406,1,140.0,
n,406,2,85.0,
n,407,0,1198.0,
n,407,1,104.0,
n,407,2,87.0,
n,408,0,1486.0,
n,408,1,12.0,
n,408,2,68.0,
n,409,0,2162.0,
n,409,1,15.0,
n,409,2,93.0,
n,410,0,1270.0,
n,410,1,12.0,
n,410,2,24.0,
n,411,0,1548.0,
n,411,1,180.0,
n,411,2,76.0,
n,412,0,2613.0,
n,412,1,37.0,
n,412,2,110.0,
n,413,0,2759.0,
n,413,1,41.0,
n,413,2,164.0,
n,414,0,2930.0,
n,414,1,34.0,
n,414,2,123.0,
n,415,0,1457.0,
n,415,1,77.0,
n,415,2,60.0,
n,416,0,2049.0,
n,416,1,200.0,
n,416,2,80.0,
n,417,0,1058.0,
n,417,1,374.0,
n,417,2,69.0,
n,418,0,818.0,
n,418,1,2.0,
n,418,2,33.0,
n,419,0,1284.0,
n,419,1,6.0,
n,419,2,44.0,
n,420,0,2318.0,
n,420,1,16.0,
n,420,2,132.0,
n,421,0,2432.0,
n,421,1,23.0,
n,421,2,140.0,
n,422,0,1465.0,
n,422,1,81.0,
n,422,2,1773.0,
n,423,0,1649.0,
n,423,1,45.0,
n,423,2,87.0,
n,424,0,1256.0,
n,424,1,380.0,
n,424,2,94.0,
n,425,0,1798.0,
n,425,1,70.0,
n,425,2,86.0,
n,426,0,1595.0,
n,426,1,71.0,
n,426,2,141.0,
n,427,0,2343.0,
n,427,1,129.0,
n,427,2,80.0,
n,428,0,2278.0,
n,428,1,17.0,
n,428,2,64.0,
n,429,0,761.0,
n,429,1,3.0,
n,429,2,18.0,
n,430,0,2291.0,
n,430,1,14.0,
n,430,2,86.0,
n,431,0,944.0,
n,431,1,4.0,
n,431,2,20.0,
n,432,0,1532.0,
n,432,1,16.0,
n,432,2,30.0,
n,433,0,1238.0,
n,433,1,188.0,
n,433,2,117.0,
n,434,0,2003.0,
n,434,1,14.0,
n,434,2,51.0,
n,435,0,823.0,
n,435,1,1.0,
n,435,2,25.0,
n,436,0,1607.0,
n,436,1,5.0,
n,436,2,38.0,
n,437,0,1547.0,
n,437,1,13.0,
n,437,2,36.0,
n,438,0,566.0,
n,438,1,624.0,
n,438,2,199.0,
n,439,0,850.0,
n,439,1,811.0,
n,439,2,183.0,
n,440,0,722.0,
n,440,1,440.0,
n,440,2,169.0,
n,441,0,311.0,
n,441,1,1015.0,
n,441,2,234.0,
n,442,0,2543.0,
n,442,1,395.0,
n,442,2,290.0,
n,443,0,1672.0,
n,443,1,143.0,
n,443,2,110.0,
n,444,0,2673.0,
n,444,1,585.0,
n,444,2,300.0,
n,445,0,1409.0,
n,445,1,1101.0,
n,445,2,339.0,
n,446,0,651.0,
n,446,1,874.0,
n,446,2,72.0,
n,447,0,617.0,
n,447,1,596.0,
n,447,2,143.0,
n,448,0,2354.0,
n,448,1,43.0,
n,448,2,47.0,
n,449,0,2286.0,
n,449,1,26.0,
n,449,2,46.0,
n,450,0,2593.0,
n,450,1,18.0,
n,450,2,56.0,
n,451,0,1369.0,
n,451,1,108.0,
n,451,2,106.0,
n,452,0,3699.0,
n,452,1,352.0,
n,452,2,384.0,
n,453,0,4032.0,
n,453,1,436.0,
n,453,2,345.0,
n,454,0,2821.0,
n,454,1,290.0,
n,454,2,259.0,
n,455,0,3629.0,
n,455,1,280.0,
n,455,2,314.0,
n,456,0,2451.0,
n,456,1,102.0,
n,456,2,163.0,
n,457,0,4519.0,
n,457,1,536.0,
n,457,2,318.0,
n,458,0,3205.0,
n,458,1,529.0,
n,458,2,290.0,
n,459,0,3561.0,
n,459,1,174.0,
n,459,2,225.0,
n,460,0,2178.0,
n,460,1,132.0,
n,460,2,86.0,
n,461,0,2485.0,
n,461,1,75.0,
n,461,2,127.0,
n,462,0,1850.0,
n,462,1,225.0,
n,462,2,137.0,
n,463,0,2268.0,
n,463,1,165.0,
n,463,2,81.0,
n,464,0,1716.0,
n,464,1,219.0,
n,464,2,103.0,
n,465,0,1680.0,
n,465,1,251.0,
n,465,2,76.0,
n,466,0,1586.0,
n,466,1,235.0,
n,466,2,49.0,
n,467,0,3901.0,
n,467,1,399.0,
n,467,2,540.0,
n,468,0,3027.0,
n,468,1,167.0,
n,468,2,486.0,
n,469,0,2999.0,
n,469,1,210.0,
n,469,2,301.0,
n,470,0,3374.0,
n,470,1,323.0,
n,470,2,425.0,
n,471,0,3513.0,
n,471,1,734.0,
n,471,2,630.0,
n,472,0,1556.0,
n,472,1,141.0,
n,472,2,141.0,
n,473,0,1950.0,
n,473,1,168.0,
n,473,2,143.0,
n,474,0,3462.0,
n,474,1,754.0,
n,474,2,416.0,
n,475,0,2924.0,
n,475,1,535.0,
n,475,2,372.0,
n,476,0,2846.0,
n,476,1,229.0,
n,476,2,171.0,
n,477,0,2154.0,
n,477,1,282.0,
n,477,2,99.0,
n,478,0,2687.0,
n,478,1,463.0,
n,478,2,114.0,
n,479,0,1908.0,
n,479,1,71.0,
n,479,2,96.0,
n,480,0,1642.0,
n,480,1,367.0,
n,480,2,72.0,
n,481,0,3915.0,
n,481,1,576.0,
n,481,2,510.0,
n,482,0,1424.0,
n,482,1,84.0,
n,482,2,83.0,
n,483,0,2887.0,
n,483,1,517.0,
n,483,2,410.0,
n,484,0,2317.0,
n,484,1,195.0,
n,484,2,199.0,
n,485,0,1984.0,
n,485,1,177.0,
n,485,2,104.0,
n,486,0,3379.0,
n,486,1,210.0,
n,486,2,273.0,
n,487,0,3239.0,
n,487,1,194.0,
n,487,2,345.0,
n,488,0,1564.0,
n,488,1,263.0,
n,488,2,153.0,
n,489,0,235.0,
n,489,1,807.0,
n,489,2,127.0,
n,490,0,1664.0,
n,490,1,778.0,
n,490,2,98.0,
n,491,0,173.0,
n,491,1,1887.0,
n,491,2,118.0,
n,492,0,244.0,
n,492,1,485.0,
n,492,2,25.0,
n,493,0,2325.0,
n,493,1,1426.0,
n,493,2,128.0,
n,494,0,1321.0,
n,494,1,1337.0,
n,494,2,110.0,
n,495,0,1508.0,
n,495,1,1855.0,
n,495,2,103.0,
n,496,0,234.0,
n,496,1,1974.0,
n,496,2,116.0,
n,497,0,548.0,
n,497,1,918.0,
n,497,2,85.0,
n,498,0,2095.0,
n,498,1,1864.0,
n,498,2,190.0,
n,499,0,491.0,
n,499,1,1497.0,
n,499,2,130.0,
n,500,0,361.0,
n,500,1,404.0,
n,500,2,36.0,
n,501,0,2115.0,
n,501,1,1502.0,
n,501,2,181.0,
n,502,0,711.0,
n,502,1,288.0,
n,502,2,40.0,
n,503,0,607.0,
n,503,1,214.0,
n,503,2,31.0,
n,504,0,430.0,
n,504,1,492.0,
n,504,2,32.0,
n,505,0,310.0,
n,505,1,476.0,
n,505,2,28.0,
n,506,0,281.0,
n,506,1,878.0,
n,506,2,37.0,
n,507,0,387.0,
n,507,1,784.0,
n,507,2,46.0,
n,508,0,275.0,
n,508,1,550.0,
n,508,2,42.0,
n,509,0,113.0,
n,509,1,478.0,
n,509,2,587.0,
n,510,0,238.0,
n,510,1,287.0,
n,510,2,22.0,
n,511,0,454.0,
n,511,1,1279.0,
n,511,2,67.0,
n,512,0,97.0,
n,512,1,241.0,
n,512,2,31.0,
n,513,0,751.0,
n,513,1,80.0,
n,513,2,22.0,
n,514,0,341.0,
n,514,1,287.0,
n,514,2,26.0,
n,515,0,446.0,
n,515,1,926.0,
n,515,2,59.0,
n,516,0,3165.0,
n,516,1,67.0,
n,516,2,82.0,
n,517,0,1339.0,
n,517,1,4.0,
n,517,2,29.0,
n,518,0,512.0,
n,518,1,1.0,
n,518,2,11.0,
n,519,0,353.0,
n,519,1,1.0,
n,519,2,10.0,
n,520,0,473.0,
n,520,1,2.0,
n,520,2,9.0,
n,521,0,1351.0,
n,521,1,7.0,
n,521,2,32.0,
n,522,0,383.0,
n,522,1,2.0,
n,522,2,9.0,
n,523,0,2539.0,
n,523,1,5.0,
n,523,2,38.0,
n,524,0,1801.0,
n,524,1,5.0,
n,524,2,54.0,
n,525,0,506.0,
n,525,1,2.0,
n,525,2,15.0,
n,526,0,1169.0,
n,526,1,2.0,
n,526,2,23.0,
